3pk,94.61883664131165,4,3738.2307894422515,1900,"[1.388018409607488, 1.9056500847362494, 0.0, 0.0, 0.0, 0.17992053783215867, 0.30410956431230396, 0.3221209475594314, 2.28139934756269, 0.0, 0.0, 0.0, 4.987552530220752, 0.6666854953856967, 0.0, 0.0, 0.0, 0.0, 0.0, 0.0, 449.87350153984426, 0.0, 0.0, 0.0, 0.0, 0.0, 0.0, 0.0, 0.0, 0.0]"
aircrftb,6.836124420166016,2,0.325126291002032,120,"[-0.018817941496854982, 0.015240151141907589, -0.0883437961978805, 0.06170706979774339, -0.08654651885485873]"
allinit,100.1378390789032,30,1.2139523632592272e+23,600,"[0.0, 2373.3634870360916, -2890.96340272411]"
allinitu,129.68317890167236,30,6.344708122124538,2400,"[1.0672876392392856, 0.0, 0.0, -0.8204561442888505]"
arglina,118.77377557754517,2,100.00000000359519,2060,"[-1.0000000000313627, -1.0000000000198106, -1.0000000000078355, -0.9999999999826003, -1.0000000000111566, -1.0000000000020688, -1.000000000009006, -1.0000000000181346, -0.9999999999904429, -1.000000000018175, -1.0000000000311846, -1.0000000000120226, -0.9999999999999938, -1.0000000000246174, -1.0000000000000657, -1.0000000000002276, -1.0000000000150286, -0.9999999999893979, -0.9999999999997445, -1.0000000000257416, -0.9999999999989673, -1.0000000000125127, -1.0000000000214746, -1.000000000025226, -1.000000000018742, -1.0000000000178246, -1.000000000027662, -1.0000000000099003, -1.0000000000099873, -1.00000000000574, -0.9999999999870136, -1.0000000000016673, -1.000000000016534, -1.0000000000180538, -1.0000000000017704, -1.0000000000081288, -0.9999999999955137, -1.0000000000082792, -1.0000000000007965, -1.000000000001673, -1.000000000018735, -1.0000000000136695, -0.9999999999827638, -0.9999999999972118, -1.0000000000158824, -0.9999999999862227, -0.9999999999975231, -1.000000000022394, -1.0000000000021878, -1.0000000000247877, -1.0000000000068576, -1.0000000000024767, -0.9999999999991177, -1.0000000000063995, -1.0000000000029028, -1.0000000000141163, -1.0000000000034877, -1.0000000000103493, -0.9999999999984553, -0.999940036360197, -1.0000000000012654, -1.0000000000111295, -0.9999999999999499, -0.9999999999911549, -1.0000000000000349, -1.0000000000047349, -1.0000000000057567, -1.0000000000111264, -0.9999999999986534, -0.9999999999922486, -0.9999999999987851, -0.999999999993815, -1.0000000000079543, -0.9999999999902182, -1.0000000000056426, -0.9999999999990388, -1.0000000000008253, -0.9999999999974574, -0.9999999999907884, -1.0000000000003137, -1.0000000000030425, -0.9999999999976866, -1.0000000000192317, -0.9999999999983801, -1.0000000000082423, -1.0000000000149394, -1.000000000015229, -1.0000000000132785, -1.0000000000002849, -0.9999999999937826, -0.9999999999999519, -1.0000000000037126, -1.0000000000152782, -1.000000000006428, -0.9999999999936331, -1.0000000000084945, -0.9999999999939143, -1.0000000000014493, -1.0000000000012352, -1.0000000000139597]"
arglinb,50.64080095291138,5,4.634146341463413,900,"[0.0, 0.0, 0.0, 0.0, 0.01463414634194496, 0.0, 0.0, 0.0, 0.0, 0.0]"
arglinc,14.255188465118408,2,6.135135135135134,260,"[0.0, 0.02702702702703443, 0.0, 0.0, 0.0, 0.0, 0.0, 0.0]"
beale,66.4338607788086,30,0.004739667532705,160,"[2.3484867930846143, 0.22836350916337456]"
box2,68.95831084251404,30,0.405891013962647,220,"[11.227988109154008, 0.0]"
box3,50.775224447250366,15,7.67565108e-07,900,"[0.4004411787545579, 0.4015499356690082, 0.0007638190177364797]"
branin,66.01645922660828,30,1.06746435797425,120,"[4.781143778861341, 1.3436454187062563]"
brownal,98.15736055374146,9,6.470220197318242,1740,"[1.1040938677060308, 0.5056165948735817, 1.5764545096149245, 0.43164507910512206, 0.5511983321717437, 1.9107194282057327, 2.7790469174882544, 0.7001242848637778, 0.43552455888516145, -0.04023352757121616]"
brownbs,65.05397033691406,30,65512926445.26097,600,"[10000000.0, 0.0]"
brownden,134.15381789207458,30,88966.6838410279,1700,"[-14.91351954048155, 14.723354071306614, 0.0, 0.0]"
camel1,66.50969862937927,30,-1.021793276797956,360,"[0.0, 0.0]"
camel6,67.00089049339294,30,-1.031194133897563,600,"[0.0, -0.5352178847647364]"
chebyqad,1758.7802739143372,30,23.56749997257295,11300,"[0.5, 0.5, 0.5, 0.5, 0.5, 0.5, 0.5, 0.5, 0.5, 0.5, 0.5, 0.5, 0.5, 0.5, 0.5, 0.5, 0.5, 0.5, 0.5, 0.5, 0.5, 0.5, 0.5, 0.5, 0.5, 0.5, 0.5, 0.5, 0.5, 0.5, 0.5, 0.5, 0.5, 0.5, 0.5, 0.5, 0.5, 0.5, 0.5, 1.0, 0.5, 0.5, 0.5, 0.5, 0.5, 0.5, 0.5, 0.5, 0.5, 0.5]"
chi,64.77169132232666,30,-37.160495674118124,180,"[6.0977300801895735, 0.0]"
chnrosnb,1799.411141872406,30,48.34180944040173,16340,"[0.0, 0.0, 0.1676281280445693, 0.0, 0.07787872445045266, 0.0, 0.0, 0.0, 0.20664023436709972, 0.0, 0.13164242443516913, 0.0, 0.0, 0.0, 0.04310794104153123, 0.0, 0.0, 0.0, 0.04502543674302174, 0.0, 0.0, 0.05624827553089263, 0.0, 0.0, 0.0, 0.0, 0.0, 0.06501753657818768, 0.06485619730054186, 0.0, 0.07220375177394103, 0.06723987936769311, 0.07847933123025465, 0.1664676798134976, 0.0, 0.0, 0.12317969265969456, 0.048501479167071114, 0.0, 0.06049234002490516, 0.0, 0.09775461239504024, 0.0, 0.0, 0.0, 0.041736458776608754, 0.0, 0.0, 0.02403939020182397, 0.14900617677691452]"
cliff,67.62391090393066,30,0.20555358128166,1200,"[-0.21396771039045398, -0.08446887412094367]"
cube,66.32654142379761,30,0.287856690286935,260,"[0.0, 0.0]"
denschna,65.88110733032227,30,0.00023396766842,640,"[0.036001150210983726, -0.05829651559673855]"
denschnb,68.33375692367554,30,0.000213364051938,600,"[1.9999999999999205, -0.9999999999986691]"
denschnc,67.1859872341156,30,0.178746159143359,1100,"[0.9093305107206553, 0.683413754220364]"
denschnd,39.6734459400177,12,2.948e-11,720,"[0.0020822151460780135, 0.0006684876212141064, 0.006335016820176896]"
denschne,102.53942465782166,30,1.928882e-09,1460,"[0.0, 0.0, -13.589723763082734]"
denschnf,67.12028574943542,30,19.43663534287014,40,"[0.0, 0.5434856450888033]"
dixon3dq,204.36247968673706,19,0.089231549432425,3620,"[0.9999999999994197, 0.21369855420410394, 0.21369855420464207, 0.2374661914254989, 0.3043256132567941, 0.38829525732014025, 0.4722649013820825, 0.593375313118777, 0.7144857248550688, 0.8572428624277407]"
djtl,67.75465846061707,30,-5217.291374942386,1040,"[14.577375293717111, 2.654711246660557]"
eg1,105.06892657279968,30,-1.248286966482038,80,"[-0.9999999999992979, 0.0, 2.0]"
eigena,4065.470427751541,30,4351315149718315.5,4120,"[0.0, 1195.5451387576184, 1288.9641449486928, 1263.4551709967814, 1086.1623526061976, 1028.9906528802553, 852.8995842060464, 1352.0039551009836, 1158.2494191558933, 1130.3108828173413, 1219.9400277759248, 0.0, 1195.68544282688, 1078.7869385731858, 1269.1376246577277, 1018.0860458600577, 997.0186559062938, 1118.8522094683244, 1318.9310600527535, 1514.6787274070148, 1199.7314561090514, 1055.9865988906354, 0.0, 1192.5456229380563, 1077.270567187987, 1190.5763398669392, 1307.6911535965048, 1445.599157116371, 1209.1437676258345, 1308.2990133406222, 1157.057596276415, 1124.2424855134245, 1426.9102558245443, 0.0, 1618.5959618389675, 1293.1191579753806, 1390.2405444274743, 985.9936020173349, 1094.6528797701028, 1396.406250664489, 1424.186246567848, 1340.644623699183, 856.6322505430985, 1354.1796197819342, 0.0, 1234.981834187906, 956.3513052262598, 1143.897768704994, 1672.2500919149236, 1393.8320019137088, 788.8249108569439, 1038.0572639420832, 1253.585620629516, 935.5375469429356, 1382.1174604037055, 0.0, 1651.3749805175369, 1517.9909478639474, 762.5797531228799, 895.1798618284604, 1175.5687836297213, 1003.0669991865776, 1345.8539594556842, 1178.6180961152431, 1244.640058938979, 975.7893877956137, 0.0, 1012.3086158068757, 1400.5223236578845, 1527.1135118440723, 1214.310572529508, 1249.5760240920154, 1265.1833257236026, 877.6208835953693, 1177.4384178957675, 1217.2268005451963, 656.3237826301994, 0.0, 945.7466809323594, 1246.4194785287991, 1039.3592633578905, 1346.3424727909435, 733.8829865395446, 825.6882181763286, 1190.8078080502848, 1275.1990847222214, 1162.1568341736963, 902.8858003502345, 0.0, 1460.7153225625063, 886.965646150271, 810.1677717591728, 1299.5466953039024, 654.0429778277203, 1192.7762897927748, 765.3304668272958, 1359.976959274671, 1515.3371517655835, 1297.1264341411945, 0.0, 1162.9075284238224, 1218.7776472824091, 1405.0816577035869, 641.0938930701351, 1747.208878303736, 1371.564748455941, 728.7025373991519, 1094.6620173991296, 1377.202553458572, 1059.636055330509]"
eigenals,4028.8018600940704,30,169.82332512397852,3300,"[42.61133682432408, 0.058726775891444004, 0.0, 0.06666820191989647, 0.0, 0.0, 0.0, 0.0, 0.21085722036287594, 0.0, 0.0, 41.95002587580831, 0.0, 0.0, 0.0, 0.04965051719977614, 0.0, 0.06700336979877607, 0.0, 0.0, 0.0, 0.0, 57.6187270488579, 0.0, 0.0, 0.0, 0.0, 0.0, 0.0, 0.0, 0.0, 0.0, 0.0, 62.47036858194663, 0.0, 0.0, 0.0, 0.0, 0.06249693246729731, 0.06687446647792973, 0.0, 0.0, 0.0, 0.0, 44.22087146453426, 0.0, 0.0, 0.0, 0.0, 0.0, 0.0, 0.0, 0.0, 0.0, 0.0, 52.640143979810624, 0.0, 0.0, 0.0, 0.0, 0.0, 0.0, 0.0, 0.13542894599286878, 0.0, 0.0, 49.71035185159719, 0.0689463830296544, 0.0, 0.0, 0.0, 0.0, 0.0, 0.08960261336073616, 0.0, 0.0, 0.0, 53.0461936713022, 0.0, 0.0, 0.0, 0.0, 0.0, 0.0, 0.0, 0.0899396089106902, 0.0, 0.0, 51.74186491049035, 0.0, 0.06931610249960805, 0.09582038632990933, 0.0, 0.0, 0.0, 0.0, 0.0, 0.0, 0.0, 51.44073626155748, 0.0, 0.0, 0.0, 0.0, 0.0, 0.0, 0.0, 0.2593971415251746, 0.0, 0.0]"
eigenb,4013.653128862381,30,31.457625930105433,46600,"[40.889049843086305, 0.0, 0.0, 0.0, 0.11363731627115739, 0.055206642174291144, 0.0, 0.0, 0.0, 0.0, 0.0, 36.80255590554739, 0.0, 0.0, 0.0, 0.13213212176713973, 0.0, 0.0, 0.09498041875559846, 0.0, 0.0, 0.5774490892199103, 41.679735795122795, 0.37499903502631543, 0.0, 0.0, 0.0, 0.0, 0.05945648556270653, 0.0, 0.0, 0.042954791010431044, -0.5107323837849417, 12.80022010537122, 0.0, 0.0, -0.050940881307529814, 0.0, 0.0, 0.03733721607158872, 0.0, 0.0, 0.0, 0.10591664237337373, 35.39607951263002, 0.0, 0.0, 0.07269987515466259, 0.0, 0.0, 0.0, 0.0, 0.10346687491098834, 0.0, 0.0, 34.42925886905309, 0.0, 0.0, 0.0, 0.0, 0.0, 0.0, 0.0, 0.047144193933871134, 0.0, 0.0, 45.54475538029342, 0.0, 0.04260597182473843, 0.0, 0.0, 0.0, 0.0, 0.0, 0.0, 0.07170990549795263, 0.1692638804873989, 36.58685037619602, 0.0, 0.0, 0.0, 0.0, 0.0, 0.0, 0.0, 0.0, 0.0, 0.0, 38.75303870767827, 0.0, 0.0, 0.0, 0.0, 0.0, 0.0, 0.0, 0.0, 0.3112713825730446, 0.13538982962765145, 2.6154294795173993, 0.0, 0.0, 0.0, 0.0, 0.0, 0.11006294240091351, 0.0, 0.0, 0.0, 0.0]"
eigenbls,4036.379535675049,30,27.909860556411378,17000,"[42.561724761712696, 0.027004309661814916, 0.0, 0.05331566278662364, 0.0, 0.0, 0.08845047589966686, 0.0, 0.0, 0.0, 0.0, 29.909688624059758, 0.0, 0.0, 0.06335048843509333, 0.0741199022802103, -0.02463958339283775, 0.051089596208607715, 0.0, 0.04472352404122992, 0.03720003934385977, 0.0, 15.716345893287686, 0.0, 0.04701590272241706, 0.0, 0.0700728649035193, 0.0, 0.0, 0.0, 0.0, 0.0, 0.0, 41.40272344784594, 0.03530450982944515, 0.0, 0.0, 0.0, 0.0, 0.0, 0.0, 0.0, 0.0, 0.0, 43.79550526188729, 0.0, 0.0, 0.11542427836614087, 0.0, 0.06845295688774848, 0.0, 0.0, 0.0, 0.051181937382311214, 0.0, 28.122450277943546, 0.0, 0.0, 0.08452346117868363, 0.06133598580361893, 0.038490399557603985, 0.0, 0.0, 0.0, 0.08885494543141209, 0.0, 54.36340744021308, 0.0, 0.0, 0.0, 0.0, 0.0, 0.0, 0.0, 0.07243267678621858, 0.0, 0.0, 31.976433041111516, 0.0, 0.0, 0.0, 0.0, 0.05099594502255585, 0.0, 0.0, 0.0, 0.0, 0.0, 38.18897673939245, 0.06581335295666797, 0.0, 0.0, 0.0, 0.0, 0.0, 0.06867914884945263, 0.0, 0.0, 0.0, 35.09370509270043, 0.06784881533882106, 0.0, 0.0, 0.08169190932233181, 0.0, 0.045391029767834504, 0.0, 0.0, 0.0, 0.0]"
emfl,1795.0806050300598,30,161.1980689866947,1680,"[0.0, 0.0, 0.0, 0.0, 0.0, 0.0, 0.0, 0.0, 0.0, 0.0, 0.0, 0.0, 0.0, 0.0, 0.0, 0.0, 0.0, 0.0, 0.0, 0.0, 0.0, 0.0, 0.0, 0.0, 0.0, 0.0, 0.0, 0.0, 0.0, 0.0, 0.0, 0.0, 0.0, 0.0, 0.0, 0.0, 0.0, 0.0, 0.0, 0.0, 0.0, 0.0, 0.0, 0.0, 0.0, 0.0, 0.0, 0.0, 0.0, 0.0]"
emfl_eps,1830.9926707744598,30,155.02910284278883,40,"[0.0, 0.0, 0.0, 0.0, 0.0, 0.0, 0.0, 0.0, 0.0, 0.0, 0.0, 0.0, 0.0, 0.0, 0.0, 0.0, 0.0, 0.0, 0.0, 0.0, 0.0, 0.0, 0.0, 0.0, 0.0, 0.0, 0.0, 0.0, 0.0, 0.0, 0.0, 0.0, 0.0, 0.0, 0.0, 0.0, 0.0, 0.0, 0.0, 0.0, 0.0, 0.0, 0.0, 0.0, 0.0, 0.0, 0.0, 0.0, 0.0, 0.0]"
emfl_vareps,1865.985203742981,30,161.1980689866947,3920,"[0.0, 0.0, 0.0, 0.0, 0.0, 0.0, 0.0, 0.0, 0.0, 0.0, 0.0, 0.0, 0.0, 0.0, 0.0, 0.0, 0.0, 0.0, 0.0, 0.0, 0.0, 0.0, 0.0, 0.0, 0.0, 0.0, 0.0, 0.0, 0.0, 0.0, 0.0, 0.0, 0.0, 0.0, 0.0, 0.0, 0.0, -5.10295994276438, 0.0, 0.0, 0.0, -2.723474559141602, 0.0, 0.0, 0.0, 0.0, 0.0, 0.0, 0.0, 0.0, 0.0]"
engval2,110.14692234992981,30,221.19907410091696,660,"[-1.3997364022628722, 1.8937152801896728, -0.5779448212177289]"
errinros,1800.63693857193,30,46.71661040614692,14060,"[0.0, 0.0, 0.0, 0.0, 0.0, 0.0, 0.07556433835925937, 0.03263756450236767, 0.0, 0.0, 0.07709715913985002, 0.0, 0.0, 0.0, 0.0, 0.0, 0.0, 0.11899280293208621, 0.0, 0.0, 0.16137514090906002, 0.045155242670847924, 0.0, 0.0, 0.0, 0.0, 0.03357160302916028, 0.0, 0.0, 0.07233763404144375, 0.0, 0.0, 0.0, 0.0, 0.0, 0.0, 0.0, 0.0, 0.04829176935016146, 0.0, 0.15334689682198238, 0.0, 0.0, 0.0, 0.0, 0.0, 0.0, 0.067380615563883, 0.049549550041598486, 0.0]"
esfl,74.01990795135498,30,191.87237418192893,40,"[-0.5503832232430595, -0.5792568268289382]"
ex4_1_1,33.63541650772095,30,-7.351677035192926,420,[0.0]
ex4_1_2,33.742377281188965,30,-633.3675371816224,600,[1.0633962609540413]
ex4_1_3,32.76199698448181,30,-439.8656789750093,40,[3.490188510622096]
ex4_1_4,33.927103757858276,30,0.172748384062537,40,[1.9999625973873587]
ex4_1_5,66.19950819015503,30,2.0554540499635738e+17,720,"[2751.8892559862616, 0.0]"
ex4_1_6,33.73791146278381,30,75.21253109363101,280,[-3.320413933267723]
ex4_1_7,33.512760639190674,30,-7.5,20,[-0.622578779743635]
ex8_1_1,46.43419694900513,30,-5.933014475431512,20,"[0.0, 0.0]"
ex8_1_2,23.15523934364319,30,-5.933014475431512,20,[0.0]
ex8_1_3,66.75102996826172,30,3.080150287714386,1040,"[0.02217835193281606, -0.9454068722328481]"
ex8_1_4,48.17272591590881,22,1.72055362e-07,880,"[0.00012748304702313095, 7.907192457778613e-05]"
ex8_1_5,66.91285061836243,30,-1.012355589166429,80,"[0.0, 0.0]"
explin,4348.645557165146,30,-723372.9865249898,27880,"[3.1089431315110088, 10.0, 2.8457966379205386, 10.0, 3.539351682311145, 10.0, 3.3422249188425357, 10.0, 3.344393538184895, 10.0, 3.3135777511076814, 10.0, 10.0, 10.0, 10.0, 10.0, 10.0, 10.0, 10.0, 10.0, 10.0, 10.0, 10.0, 10.0, 10.0, 10.0, 10.0, 10.0, 10.0, 10.0, 10.0, 10.0, 10.0, 10.0, 10.0, 10.0, 10.0, 10.0, 10.0, 10.0, 10.0, 10.0, 10.0, 10.0, 10.0, 10.0, 10.0, 10.0, 10.0, 10.0, 10.0, 10.0, 10.0, 10.0, 10.0, 10.0, 10.0, 10.0, 10.0, 10.0, 10.0, 10.0, 10.0, 10.0, 10.0, 10.0, 10.0, 10.0, 10.0, 10.0, 10.0, 10.0, 10.0, 10.0, 10.0, 10.0, 10.0, 10.0, 10.0, 10.0, 10.0, 10.0, 10.0, 10.0, 10.0, 10.0, 10.0, 10.0, 10.0, 10.0, 10.0, 10.0, 10.0, 10.0, 10.0, 10.0, 10.0, 10.0, 10.0, 10.0, 10.0, 10.0, 10.0, 10.0, 10.0, 10.0, 10.0, 10.0, 10.0, 10.0, 10.0, 10.0, 10.0, 10.0, 10.0, 10.0, 10.0, 10.0, 10.0, 10.0]"
explin2,4355.680329799652,30,-724401.8342979464,71780,"[10.0, 10.0, 10.0, 10.0, 10.0, 6.629825131089676, 10.0, 4.318607966586249, 10.0, 3.1803817758309068, 10.0, 10.0, 10.0, 10.0, 10.0, 10.0, 10.0, 10.0, 10.0, 10.0, 10.0, 10.0, 10.0, 10.0, 10.0, 10.0, 10.0, 10.0, 10.0, 10.0, 10.0, 10.0, 10.0, 10.0, 10.0, 10.0, 10.0, 10.0, 10.0, 10.0, 10.0, 10.0, 10.0, 10.0, 10.0, 10.0, 10.0, 10.0, 10.0, 10.0, 10.0, 10.0, 10.0, 10.0, 10.0, 10.0, 10.0, 10.0, 10.0, 10.0, 10.0, 10.0, 10.0, 10.0, 10.0, 10.0, 10.0, 10.0, 10.0, 10.0, 10.0, 10.0, 10.0, 10.0, 10.0, 10.0, 10.0, 10.0, 10.0, 10.0, 10.0, 10.0, 10.0, 10.0, 10.0, 10.0, 10.0, 10.0, 10.0, 10.0, 10.0, 10.0, 10.0, 10.0, 10.0, 10.0, 10.0, 10.0, 10.0, 10.0, 10.0, 10.0, 10.0, 10.0, 10.0, 10.0, 10.0, 10.0, 10.0, 10.0, 10.0, 10.0, 10.0, 10.0, 10.0, 10.0, 10.0, 10.0, 10.0, 10.0]"
3pk,95.67768144607544,4,2063.3039475431087,1820,"[0.0, 0.0, 0.8581521440812486, 0.9106488519657561, 0.6272647495580647, 0.0, 0.0, 2.6058602769611308, 0.06381202613570648, 0.0, 0.39325382918332863, 0.11932104840251065, 0.0, 0.516182892935694, 0.0, 0.0, 267.20559759292604, 0.0, 551.930286049688, 0.0, 425.1788588683984, 0.0, 502.9365335122686, 24.707144334302537, 0.0, 0.0, 159.9964987711379, 0.0, 0.0, 15.065587371981374]"
aircrftb,20.546258211135864,4,1.197622868413172,320,"[-0.28065928690430947, 0.8418769988972491, -0.14976582069174466, 0.053466461855039345, -0.00275944467099716]"
allinit,209.8333511352539,60,4.558597413104785e+23,540,"[0.0, 2397.659390241686, -2839.483514095997]"
allinitu,310.8450355529785,60,5.94323890765718,2960,"[0.6108677130818652, 0.0, 0.08721654251963684, -0.430735770541063]"
arglina,140.3097379207611,2,100.00000000000004,2140,"[-1.000000000011188, -0.9999999999858804, -1.0000000000038738, -0.9999999999984088, -0.9999999999936596, -1.0000000000011136, -1.000000000012349, -1.0000000000356684, -0.9999999999991401, -0.9999999999975778, -1.0000000000168912, -1.0000000000217522, -1.000000000015622, -1.0000000000109976, -0.9999999999980351, -0.9999999999989964, -1.000000000001126, -0.9999999999907931, -0.9999999999996761, -1.0000000000055718, -1.0000000000268512, -1.0000000000212823, -0.9999999999979842, -1.000000000002378, -1.000000000007629, -1.0000000000065794, -1.000000000000944, -1.0000000000069114, -0.9999999999868574, -1.0000000000106792, -1.000000000024925, -1.0000000000106417, -1.0000000000132205, -1.0000000000170834, -1.0000000000051237, -1.0000000000000628, -1.0000000000127216, -1.0000000000086473, -1.00000000002345, -1.0000000000162916, -1.0000000000021343, -1.00000000001834, -1.0000000000198643, -1.0000000000244271, -0.999999999995504, -1.0000000000158142, -1.0000000000035183, -1.0000000000056684, -1.0000000000175508, -1.0000000000156906, -1.0000000000132874, -0.9999999999960075, -0.9999999999927932, -0.999999999998346, -1.0000000000000047, -1.0000000000078708, -0.9999999999979592, -1.0000000000014297, -0.9999999999855547, -1.0000000000057958, -1.0000000000025937, -0.9999999999997448, -0.9999999999923198, -0.9999999999969157, -1.0000000000184863, -1.00000000000484, -0.9999999999987258, -1.0000000000148856, -0.9999999999977183, -1.0000000000002707, -1.0000000000041473, -0.9999999999994036, -1.0000000000219684, -0.99999999998925, -1.00000000000484, -1.000000000007963, -1.0000000000081255, -0.9999999999925047, -1.0000000000015934, -1.0000000000020373, -1.0000000000197775, -0.9999999999999475, -1.000000000014171, -1.0000000000012923, -1.0000000000175915, -0.9999999999987076, -1.000000000000072, -0.9999999999986341, -0.9999999999991697, -1.0000000000118707, -1.0000000000009608, -0.9999999999905851, -0.9999999999997776, -0.9999999999995968, -0.9999999999912366, -1.0000000000077893, -0.9999999999996796, -0.9999999999954948, -1.0000000000002667, -1.0000000000119127]"
arglinb,43.155304193496704,4,4.634146341463414,700,"[0.0, 0.0, 0.0, 0.0, 0.0, 0.0, 0.01045296167175303, 0.0, 0.0, 0.0]"
arglinc,17.674480199813843,2,6.135135135135134,280,"[0.0, 0.0, 0.0, 0.0, 0.0, 0.0, 0.0, 0.009009009009011075]"
beale,147.1473309993744,60,0.035127431445703,160,"[2.125000000000368, 0.0]"
box2,157.47073340415955,60,0.063363028656385,440,"[24.70621395973303, 37.04976941121119]"
box3,31.860832452774048,9,3.216832e-09,500,"[0.46692389649492655, 0.4668825687794608, 0.0]"
bqp1var,74.52952527999878,60,1e-05,960,[0.0]
branin,152.35943865776062,60,0.959964677264798,1300,"[4.264795934973325, 1.562036881729908]"
brownal,38.808029651641846,3,15.19062919666738,600,"[2.8223785851356347, 0.10772708197751468, 0.14122018813468115, 0.03329285938652782, 3.591488623475042, 0.8518097572181221, 0.03174579051721816, 0.3796484048484024, 0.44545553763593587, 1.751550721112998]"
brownbs,143.0258276462555,60,109343648782.61516,560,"[10000000.0, 0.0]"
brownden,306.8404965400696,60,86644.42296792025,2820,"[-13.085689553436175, 13.272126832233836, 0.0, 0.0]"
camel1,142.66898727416992,60,-1.026592438590791,700,"[0.04818772042241009, 0.0]"
camel6,153.52386736869812,60,-0.999849800176178,2160,"[-0.18013720071622982, 0.9548606139067953]"
chebyqad,4036.7190046310425,60,17.63975159178187,59760,"[0.5, 0.5, 0.5, 0.9999999999875663, 1.0, 0.5, 0.5, 0.5, 0.5, 1.0, 1.0, 1.0, 0.5, 0.5, 0.5, 0.5, 0.5, 0.5, 0.5, 0.5, 1.0, 0.5, 0.5, 0.5, 0.0, 0.5, 0.5, 0.5, 0.5, 0.5, 0.5, 0.5, 0.5, 0.5, 0.5, 1.0, 0.5, 0.5, 0.5, 0.5, 0.5, 0.5, 0.5, 1.0, 0.5, 0.5, 0.5, 0.5, 0.5, 0.5]"
chi,144.99381041526794,60,-39.697934491786725,1560,"[6.125154770655446, 0.0]"
chnrosnb,4107.907703638077,60,48.76247920720228,58200,"[0.0, 0.0, 0.0, 0.0, 0.06999997353733603, 0.0, 0.0, 0.0, 0.0, 0.1057402842535335, 0.0, 0.0, 0.0, 0.06932680060803932, 0.0, 0.05701631444554454, 0.0, 0.0, 0.03646467638685657, 0.0, 0.09737531941358343, 0.044665780188590014, 0.0, 0.0, 0.0, 0.0, 0.02841760297740632, 0.0, 0.0, 0.0, 0.0, 0.0, 0.028948562389605935, 0.0, 0.0, 0.0, 0.05198936792270289, 0.0, 0.0, 0.0, 0.0, 0.0, 0.0, 0.0749948387739629, 0.0, 0.0, 0.0, 0.0, 0.11208990553684742, 0.11765682881850398]"
cliff,152.60469317436218,60,0.202934836853624,1400,"[-0.2556976734525064, 0.0]"
cube,146.1434543132782,60,0.407230192011039,320,"[943.863283196799, 0.0]"
denschna,154.96301937103271,60,0.001418216532617,2240,"[0.1257322851028855, -0.1299661917447412]"
denschnb,154.1034243106842,60,3.269485289e-06,1320,"[1.9999999998626863, -0.999999999998862]"
denschnc,154.4048490524292,60,0.051699912443941,260,"[1.0910983046823102, 0.08293992848202877]"
denschnd,43.47226881980896,12,1.2587e-11,700,"[0.0006859058244231137, 0.0013093150196754303, 0.0016385726989711859]"
denschnf,149.3232913017273,60,24.339048417593432,40,"[0.0, 0.49471699873021935]"
dixon3dq,66.88978934288025,6,0.191528320312293,1040,"[0.9999999999993953, 0.00390625000018811, 0.0078124999996284725, 0.013671874999698538, 0.019531249999033072, 0.08984375000024492, 0.16015625000095923, 0.3339843750010439, 0.5078125000009192, 0.7539062500001107]"
djtl,160.490496635437,60,-8476.864463735139,1960,"[13.374606122873233, -0.4023857961592788]"
eg1,226.59584188461304,60,-1.323208681703273,100,"[-0.9999998599878034, 0.0, 2.0]"
eigena,9113.58013677597,60,5197068932869795.0,2780,"[0.0, 1324.9665000255895, 1104.4195328130359, 1253.4582646524784, 958.6639446555026, 978.1603132902603, 1510.3491101437091, 1313.7091549266543, 855.1545254828821, 1252.7567540717414, 1138.258951233794, 0.0, 860.4539179266272, 898.0662810733193, 1212.1662770637226, 1585.7837171458996, 1134.123128263644, 1156.2238764939643, 1240.5329611271568, 1499.7638825614308, 1234.6429625384994, 1135.0500509651142, 0.0, 1505.9775544621489, 665.6066133504208, 1156.8272898149817, 1253.811205350159, 1109.0003135028169, 1328.6022634715314, 1227.3954481951148, 1075.0376664209605, 1428.4428515407856, 986.6469765044939, 0.0, 1313.2612994013332, 1364.5373387178838, 545.9203026038915, 716.2878497599194, 769.5882507081959, 1305.7534992079006, 1234.78958734504, 1236.55511044932, 1299.9273624425787, 1436.6265824329867, 0.0, 1375.694910927218, 1222.4358782527675, 1082.385124742771, 1245.9289909302238, 1259.7301289419481, 873.2574404279807, 1671.5645999745948, 518.6036733326041, 1286.7525818013119, 716.7337671825454, 0.0, 1190.1417067221419, 853.2510661048291, 1369.0601653999593, 1456.8176240786026, 1172.6567780586556, 660.0180490042405, 1205.067125499057, 1176.3096333525223, 1167.0407356772405, 1257.7450355979754, 0.0, 1152.0433081587594, 636.9216573406923, 1231.4926768875578, 1022.298251098011, 1423.874769829876, 1369.4027251355792, 1065.079377357021, 2288.0934394540814, 867.6742965559018, 1524.1554834370081, 0.0, 1149.4014095755024, 1294.4356605596058, 1305.7263827451875, 907.6605256867016, 1224.3597567010333, 1123.4495020564034, 1165.33535476471, 1194.6931031855313, 1141.9103789811734, 880.2245864345914, 0.0, 860.8614894129938, 1410.1977540177786, 1307.7126768642504, 1630.3554040079803, 1139.5144041851422, 1028.5260606769766, 915.5723610415205, 1145.0449634186466, 780.7491487098096, 730.873292929612, 0.0, 1237.6543306205754, 1198.6904669577507, 1025.9928337704341, 1248.1819922000916, 1187.9982183082425, 1167.7168204101538, 1253.3315683504075, 1393.523567879251, 1116.2063866770243, 1189.1152187488947]"
eigenals,9089.276315450668,60,126.33934470852532,76380,"[76.0550973238634, 0.0, 0.05401711702789094, 0.0, -0.039618701061589816, 0.0, 0.0, 0.0, 0.0, 0.02267160315266227, 0.0, 55.24875747862285, 0.06883794299469313, 0.0, 0.0, 0.0, 0.0, 0.0, 0.0, 0.0, 0.0, 0.0, 87.46413158192912, 0.0, 0.0, 0.0, 0.0, 0.0, 0.0, 0.0, 0.0, 0.0, 0.0, 62.494473560474844, 0.0, 0.0, 0.05896382386654226, 0.044540882032933556, 0.0, 0.06730547379260585, 0.0, 0.0, 0.0, 0.0, 83.61139150670732, 0.0, 0.0, 0.0, 0.04087936092218727, 0.0, 0.0, 0.0, 0.0, 0.0, 0.0, 91.47565097430675, 0.0, 0.0, 0.0, 0.06006327644627936, 0.0, 0.0, 0.08246716506810559, 0.0, 0.0, 0.0, 24.34470088729663, 0.0, 0.14525741742909337, 0.0, 0.0, 0.0, 0.047079800781653705, 0.0, 0.0, 0.0, 0.062411293078291435, 66.89327573459215, 0.0, 0.0, 0.12211962338287903, 0.0, 0.0, 0.07954653011316501, 0.0, 0.0, 0.0, 0.046879098500101385, 39.36250752042713, 0.0, 0.0, 0.0, 0.0, 0.0, 0.0, 0.0, 0.0, 0.0, 0.14904737453585898, 80.00190198272063, 0.0, 0.0, 0.0, 0.0, 0.0, 0.0, 0.431253957247845, 0.0, 0.0, 0.044623677703711645]"
eigenb,9171.860129594803,60,31.47426484897008,8520,"[34.74096843149156, 0.0, 0.034886323055363794, 0.0, 0.0, 0.0, 0.0, 0.0, 0.0, 0.0, 0.0, 43.74467231905997, 0.048834178817862915, 0.08305635079337403, 0.0, 0.0, 0.0, 0.0, 0.0, 0.0, 0.0, 0.03427863074312484, 48.069281847523825, 0.0, 0.04831605060496691, 0.0, 0.0, 0.0625599582580401, 0.0, 0.0, 0.03657435841271114, 0.0, 0.14108156268773664, 31.184645981047165, 0.0, 0.0, 0.0, 0.0, 0.0, 0.0, 0.0, 0.04706891426146575, 0.0, 0.03819608776654147, 71.6111986384977, 0.0, 0.049053637115784476, 0.0, 0.0, 0.0, 0.0, 0.0, 0.0, 0.0, 0.0, 15.071775313517312, 0.0633296632190762, 0.0, 0.0, 0.0, 0.0, 0.0, 0.0, 0.0, 0.0, 0.034325752917243955, 43.772873856217174, 0.0, 0.0, 0.0, 0.0, 0.0, 0.0, 0.0, 0.0, 0.0, 0.0, 36.9783212305524, 0.0, 0.0, 0.0, 0.0, 0.0, 0.0, 0.0, 0.24645457489613845, 0.057051118748372404, 0.0, 39.420683921641995, 0.0, 0.0, 0.0, 0.0, 0.0, 0.0, 0.0, 0.0, 0.0, 0.054064999804983284, 42.12317163797339, 0.0, 0.0, 0.09802432372162674, 0.04187896874711569, 0.0, 0.0, 0.0, 0.05037354557454007, 0.0, 0.0]"
eigenbls,9137.234115839005,60,31.433846532536354,3320,"[61.23304501743424, 0.0531923471789026, 0.0, 0.12390772029108603, 0.0, 0.045282484637648626, 0.0, 0.0, 0.06588406161424087, 0.0, 0.0, 70.12138355363926, 0.0, 0.0, 0.0, -0.03855141721457043, 0.0, 0.0, 0.0, 0.0, 0.0, 0.0, 50.371487555482645, 0.0, 0.0, 0.0, 0.0, 0.12734959363175527, 0.0, 0.05361596470311144, 0.0, 0.0, 0.0, 39.23076022408513, 0.0, 0.08863841884793473, 0.0, 0.0, 0.0, 0.0, 0.0, 0.0, 0.03337324501616348, 0.0, 55.34801203068565, 0.04400285869145549, 0.04617786873632921, 0.040980635878983374, 0.0, 0.0, 0.0, 0.0, 0.037856487353722115, 0.0, 0.05412994316376495, 38.31719951551166, 0.0, 0.0, 0.0, 0.0, 0.0, 0.0, 0.09548413585784606, 0.0, 0.0, 0.0, 50.86118387546562, 0.0, 0.0, 0.0, 0.0, 0.05347166975813922, 0.0, 0.0, 0.0, 0.0, 0.0, 43.977724900340924, 0.0, 0.0, 0.0, 0.0, 0.08290207765711839, 0.0, 0.03996648990484304, 0.0, 0.0, 0.0, 60.376819125469936, 0.0, 0.04353768057409069, 0.0, 0.07170542325001422, 0.0, 0.03611362375249256, 0.0, 0.07014427767009927, 0.0, 0.0, 51.52877999746006, 0.0, 0.0, 0.0, 0.0, 0.0, 0.0, 0.0, 0.0, 0.0, 0.0]"
emfl,4024.122158765793,60,160.80724550362623,40,"[-9.977235261680963, 0.0, 0.0, -7.337934864343381, 0.0, 0.0, 0.0, 0.0, 0.0, 0.0, 0.0, -20.834403036354388, 0.0, 0.0, 0.0, 0.0, 0.0, 0.0, 0.0, 0.0, -32.92941911166822, 0.0, 0.0, 0.0, 0.0, 0.0, 0.0, 0.0, 0.0, 0.0, 0.0, 0.0, 0.0, 0.0, 0.0, 0.0, -20.138126704454606, 0.0, 0.0, 0.0, 0.0, 0.0, -5.403798634694188, 0.0, 0.0, 0.0, 0.0, 0.0, 0.0, 0.0]"
emfl_eps,3900.518692970276,60,156.83029051182848,60,"[0.0, 0.0, 0.0, 0.0, 0.0, 0.0, 0.0, 0.0, 0.0, 0.0, 0.0, 0.0, 0.0, 0.0, 0.0, 0.0, 0.0, 0.0, 0.0, 0.0, 0.0, 0.0, 0.0, 0.0, 0.0, 0.0, 0.0, 0.0, -6.0463986764190105, 0.0, 0.0, 0.0, 0.0, 0.0, 0.0, 0.0, 0.0, 0.0, 0.0, 0.0, 0.0, 0.0, 0.0, 0.0, 0.0, 0.0, 0.0, 0.0, 0.0, 0.0]"
branin,8.02752137184143,2,11.947035881682172,80,"[1.3666088180076603, 4.06624204264456]"
branin,7.926698923110962,2,4.489673059129916,80,"[2.4505699311915636, 4.25]"
branin,8.676002264022827,2,13.931663474931973,80,"[1.1489362409905899, 4.3419417702892895]"
