"[3, 7.5, 18.75, 46.75, 8.59, 25.97, 25.41, 39.11]",13.752295955719521
"[2, 7.5, 18.75, 46.75, 8.59, 25.97, 25.41, 39.11]",16.006817282982773
"[1, 7.5, 18.75, 46.75, 8.59, 25.97, 25.41, 39.11]",20.2301277741209
"[2.5, 7.5, 18.75, 46.75, 8.59, 25.97, 25.41, 39.11]",14.747428773948405
"[1.5, 7.5, 18.75, 46.75, 8.59, 25.97, 25.41, 39.11]",17.70473387949989
"[0.5, 7.5, 18.75, 46.75, 8.59, 25.97, 25.41, 39.11]",24.894609334196325
"[3.5, 7.5, 18.75, 46.75, 8.59, 25.97, 25.41, 39.11]",1.2204048883104457e+29
"[3.2, 7.5, 18.75, 46.75, 8.59, 25.97, 25.41, 39.11]",4.4957605906923945e+29
"[3.1, 7.5, 18.75, 46.75, 8.59, 25.97, 25.41, 39.11]",13.57627884532324
"[3.1, 7, 18.75, 46.75, 8.59, 25.97, 25.41, 39.11]",13.590963834388834
"[3.1, 6.5, 18.75, 46.75, 8.59, 25.97, 25.41, 39.11]",13.616214040672133
"[3.1, 6.0, 18.75, 46.75, 8.59, 25.97, 25.41, 39.11]",13.654352951371326
"[3.1, 5.5, 18.75, 46.75, 8.59, 25.97, 25.41, 39.11]",13.70843360147115
"[3.1, 8, 18.75, 46.75, 8.59, 25.97, 25.41, 39.11]",13.570487307724463
"[3.1, 8.5, 18.75, 46.75, 8.59, 25.97, 25.41, 39.11]",13.57191338364184
"[3.1, 8.25, 18.75, 46.75, 8.59, 25.97, 25.41, 39.11]",13.570358506400494
"[3.1, 8.15, 18.75, 46.75, 8.59, 25.97, 25.41, 39.11]",13.570200020064622
"[3.1, 8.1, 18.75, 46.75, 8.59, 25.97, 25.41, 39.11]",13.570224586244093
"[3.1, 8.12, 18.75, 46.75, 8.59, 25.97, 25.41, 39.11]",13.570206333223428
"[3.1, 8.12, 18.55, 46.75, 8.59, 25.97, 25.41, 39.11]",13.573462672419586
"[3.1, 8.12, 18.85, 46.75, 8.59, 25.97, 25.41, 39.11]",13.568681848877151
"[3.1, 8.12, 19.85, 46.75, 8.59, 25.97, 25.41, 39.11]",13.557038470787688
"[3.1, 8.12, 20.85, 46.75, 8.59, 25.97, 25.41, 39.11]",13.551412928638268
"[3.1, 8.12, 21.85, 46.75, 8.59, 25.97, 25.41, 39.11]",13.551144499545247
"[3.1, 8.12, 22.85, 46.75, 8.59, 25.97, 25.41, 39.11]",13.555677443508861
"[3.1, 8.12, 22.45, 46.75, 8.59, 25.97, 25.41, 39.11]",13.553319920598787
"[3.1, 8.12, 22.25, 46.75, 8.59, 25.97, 25.41, 39.11]",13.552409582709618
"[3.1, 8.12, 22.15, 46.75, 8.59, 25.97, 25.41, 39.11]",13.552023139580491
"[3.1, 8.12, 22.05, 46.75, 8.59, 25.97, 25.41, 39.11]",13.551683151239983
"[3.1, 8.12, 22, 46.75, 8.59, 25.97, 25.41, 39.11]",13.551530729836994
"[3.1, 8.12, 21.9, 46.75, 8.59, 25.97, 25.41, 39.11]",13.551261341442077
"[3.1, 8.12, 21.8, 46.75, 8.59, 25.97, 25.41, 39.11]",13.551039643449021
"[3.1, 8.12, 21.7, 46.75, 8.59, 25.97, 25.41, 39.11]",13.550866144635544
"[3.1, 8.12, 21.6, 46.75, 8.59, 25.97, 25.41, 39.11]",13.550741362335625
"[3.1, 8.12, 21.4, 46.75, 8.59, 25.97, 25.41, 39.11]",13.550640060445364
"[3.1, 8.12, 21.2, 46.75, 8.59, 25.97, 25.41, 39.11]",13.550740054311483
"[3.1, 8.12, 21.3, 46.75, 8.59, 25.97, 25.41, 39.11]",13.550664619895535
"[3.1, 8.12, 21.4, 45.75, 8.59, 25.97, 25.41, 39.11]",13.766060701747469
"[3.1, 8.12, 21.4, 47.75, 8.59, 25.97, 25.41, 39.11]",4.214881501773353e+29
"[3.1, 8.12, 21.4, 48.75, 8.59, 25.97, 25.41, 39.11]",7.140096644125959e+26
"[3.1, 8.12, 21.4, 44.75, 8.59, 25.97, 25.41, 39.11]",14.010191449950122
"[3.1, 8.12, 21.4, 46.55, 8.59, 25.97, 25.41, 39.11]",13.59173565282149
"[3.1, 8.12, 21.4, 46.85, 8.59, 25.97, 25.41, 39.11]",13.530529275102761
"[3.1, 8.12, 21.4, 46.8, 8.59, 25.97, 25.41, 39.11]",13.541404091860732
"[3.1, 8.12, 21.4, 46.85, 8.39, 25.97, 25.41, 39.11]",6.478397965332597e+29
"[3.1, 8.12, 21.4, 46.85, 7.39, 25.97, 25.41, 39.11]",5.8017343137656044e+29
"[3.1, 8.12, 21.4, 46.85, 6.39, 25.97, 25.41, 39.11]",2.625970140217383e+29
"[3.1, 8.12, 21.4, 46.85, 8.69, 25.97, 25.41, 39.11]",3.905325858448962e+29
"[3.1, 8.12, 21.4, 46.85, 8.49, 25.97, 25.41, 39.11]",7.322805111128979e+29
"[3.1, 8.12, 21.4, 46.85, 8.55, 25.97, 25.41, 39.11]",2.884331576871295e+29
"[3.1, 8.12, 21.4, 46.85, 9.55, 25.97, 25.41, 39.11]",3.222375349468687e+28
"[3.1, 8.12, 21.4, 46.85, 10.59, 25.97, 25.41, 39.11]",15.334123852843554
"[3.1, 8.12, 21.4, 46.85, 11.59, 25.97, 25.41, 39.11]",15.903049702653568
"[3.1, 8.12, 21.4, 46.85, 10.29, 25.97, 25.41, 39.11]",15.165268853422843
"[3.1, 8.12, 21.4, 46.85, 10.09, 25.97, 25.41, 39.11]",15.05997260997753
"[3.1, 8.12, 21.4, 46.85, 9.99, 25.97, 25.41, 39.11]",15.005651808932923
"[3.1, 8.12, 21.4, 46.85, 9.79, 25.97, 25.41, 39.11]",14.89760570132648
"[3.1, 8.12, 21.4, 46.85, 9.69, 25.97, 25.41, 39.11]",14.843812560195534
"[3.1, 8.12, 21.4, 46.85, 9.61, 25.97, 25.41, 39.11]",14.800916361919512
"[3.1, 8.12, 21.4, 46.85, 9.6, 25.97, 25.41, 39.11]",14.800596354247283
"[3.1, 8.12, 21.4, 46.85, 9.6, 23.97, 25.41, 39.11]",5.074522259086057e+29
"[3.1, 8.12, 21.4, 46.85, 9.6, 24.97, 25.41, 39.11]",4.5566558289323464e+29
"[3.1, 8.12, 21.4, 46.85, 9.6, 29.97, 25.41, 39.11]",16.573154741827306
"[3.1, 8.12, 21.4, 46.85, 9.6, 28.97, 25.41, 39.11]",16.098825209814613
"[3.1, 8.12, 21.4, 46.85, 9.6, 27.97, 25.41, 39.11]",15.647843907746447
"[3.1, 8.12, 21.4, 46.85, 9.6, 31.97, 25.41, 39.11]",17.54456112300174
"[3.1, 8.12, 21.4, 46.85, 9.6, 33.97, 25.41, 39.11]",18.592841641113402
"[3.1, 8.12, 21.4, 46.85, 9.6, 37.97, 25.41, 39.11]",6.763730106995956e+29
"[3.1, 8.12, 21.4, 46.85, 9.6, 39.97, 25.41, 39.11]",7.286304929427434e+29
"[3.1, 8.12, 21.4, 46.85, 9.6, 42.97, 25.41, 39.11]",3.545341745749233e+29
"[3.1, 8.12, 21.4, 46.85, 9.6, 26.97, 25.41, 39.11]",15.209913028427636
"[3.1, 8.12, 21.4, 46.85, 9.6, 26.37, 25.41, 39.11]",14.962805993504203
"[3.1, 8.12, 21.4, 46.85, 9.6, 26.07, 25.41, 39.11]",14.837192547923824
"[3.1, 8.12, 21.4, 46.85, 9.6, 25.87, 25.41, 39.11]",14.74477391377127
"[3.1, 8.12, 21.4, 46.85, 9.6, 26, 25.41, 39.11]",14.808332562430056
"[3.1, 8.12, 21.4, 46.85, 9.6, 26.1, 25.41, 39.11]",14.850028101254548
"[3.1, 8.12, 21.4, 46.85, 9.6, 16, 25.41, 39.11]",7.627039081416826e+29
"[3.1, 8.12, 21.4, 46.85, 9.6, 12.87, 25.41, 39.11]",7.237331883614782e+29
"[3.1, 8.12, 21.4, 46.85, 9.6, 25.87, 24.41, 39.11]",13.870191855281513
"[3.1, 8.12, 21.4, 46.85, 9.6, 25.87, 23.41, 39.11]",3.7790309022958744e+29
"[3.1, 8.12, 21.4, 46.85, 9.6, 25.87, 24.11, 39.11]",1.2964881604921164e+29
"[3.1, 8.12, 21.4, 46.85, 9.6, 25.87, 25.31, 39.11]",14.648711940400837
"[3.1, 8.12, 21.4, 46.85, 9.6, 25.87, 26.31, 39.11]",14.781410378173128
"[3.1, 8.12, 21.4, 46.85, 9.6, 25.87, 27.31, 39.11]",14.810327931352273
"[3.1, 8.12, 21.4, 46.85, 9.6, 25.87, 24.31, 39.11]",13.786692352059074
"[3.1, 8.12, 21.4, 46.85, 9.6, 25.87, 24.21, 39.11]",5.335552352135117e+29
"[3.1, 8.12, 21.4, 46.85, 9.6, 25.87, 24.3, 39.11]",13.78342901606071
"[3.1, 8.12, 21.4, 46.85, 9.6, 25.87, 20.3, 39.11]",1.714653756692015e+29
"[3.1, 8.12, 21.4, 46.85, 9.6, 25.87, 16.3, 39.11]",1.7349432751943895e+28
"[3.1, 8.12, 21.4, 46.85, 9.6, 25.87, 30.3, 39.11]",14.89919210110016
"[3.1, 8.12, 21.4, 46.85, 9.6, 25.87, 32.3, 39.11]",14.950365273231451
"[3.1, 8.12, 21.4, 46.85, 9.6, 25.87, 38.3, 39.11]",1.5174462310340987e+29
"[3.1, 8.12, 21.4, 46.85, 9.6, 25.87, 34.3, 39.11]",4.9783017206765205e+29
"[3.1, 8.12, 21.4, 46.85, 9.6, 25.87, 24.3, 38.11]",2.726656726761063e+29
"[3.1, 8.12, 21.4, 46.85, 9.6, 25.87, 24.3, 37.11]",3.8308851971649924e+29
"[3.1, 8.12, 21.4, 46.85, 9.6, 25.87, 24.3, 40.11]",14.214974652628209
"[3.1, 8.12, 21.4, 46.85, 9.6, 25.87, 24.3, 41.11]",13.937302985155585
"[3.1, 8.12, 21.4, 46.85, 9.6, 25.87, 24.3, 42.11]",4.046745987038234e+29
"[3.1, 8.12, 21.4, 46.85, 9.6, 25.87, 24.3, 41.51]",9.529600118199151e+29
"[3.1, 8.12, 21.4, 46.85, 9.6, 25.87, 24.3, 41.31]",3.481872127371848e+29
"[3.1, 8.12, 21.4, 46.85, 9.6, 25.87, 24.3, 41]",13.978117336189479
"[3.1, 8.12, 21.4, 46.85, 9.6, 25.87, 24.3, 41.2]",6.712747655516094e+29
"[3.1, 8.12, 21.4, 46.85, 9.6, 25.87, 24.3, 41.18]",9.806913453415763e+29
"[3.1, 8.12, 21.4, 46.85, 9.6, 25.87, 24.3, 41.15]",13.923033421570095
"[3.2, 8.12, 21.4, 46.85, 9.6, 25.87, 24.3, 41.15]",4.061871797890314e+29
"[4.1, 8.12, 21.4, 46.85, 9.6, 25.87, 24.3, 41.15]",5.3370285696987854e+29
"[3.5, 8.12, 21.4, 46.85, 9.6, 25.87, 24.3, 41.15]",6.436969943037101e+29
"[2.2, 8.12, 21.4, 46.85, 9.6, 25.87, 24.3, 41.15]",15.87899525935215
"[1.2, 8.12, 21.4, 46.85, 9.6, 25.87, 24.3, 41.15]",19.62514865378589
"[0.2, 8.12, 21.4, 46.85, 9.6, 25.87, 24.3, 41.15]",32.717258843454104
"[5.2, 8.12, 21.4, 46.85, 9.6, 25.87, 24.3, 41.15]",8.721419469042147e+26
"[3.15, 8.12, 21.4, 46.85, 9.6, 25.87, 24.3, 41.15]",3.155200746756992e+28
"[3.12, 8.12, 21.4, 46.85, 9.6, 25.87, 24.3, 41.15]",7.120143885382171e+29
"[3.09, 8.12, 21.4, 46.85, 9.6, 25.87, 24.3, 41.15]",13.940433836067125
"[3.1, 8.12, 21.4, 46.85, 9.6, 25.87, 24.3, 41.15]",13.921159146967911
"[3, 8.12, 21.4, 46.85, 9.6, 25.87, 24.3, 41.15]",14.104297119482988
"[3.1, 14.12, 21.4, 46.85, 9.6, 25.87, 24.3, 41.15]",14.147166804421024
"[3.1, 14, 21.4, 46.85, 9.6, 25.87, 24.3, 41.15]",14.138790317555088
"[3.1, 13.6, 21.4, 46.85, 9.6, 25.87, 24.3, 41.15]",14.111574170384559
"[3.1, 12.6, 21.4, 46.85, 9.6, 25.87, 24.3, 41.15]",14.048832081718071
"[3.1, 11.6, 21.4, 46.85, 9.6, 25.87, 24.3, 41.15]",13.9951540894272
"[3.1, 10.6, 21.4, 46.85, 9.6, 25.87, 24.3, 41.15]",13.95296832117864
"[3.1, 9.6, 21.4, 46.85, 9.6, 25.87, 24.3, 41.15]",13.925630568756604
"[3.1, 8.6, 21.4, 46.85, 9.6, 25.87, 24.3, 41.15]",13.917904020768411
"[3.1, 7.6, 21.4, 46.85, 9.6, 25.87, 24.3, 41.15]",13.936773966799441
"[3.1, 6.6, 21.4, 46.85, 9.6, 25.87, 24.3, 41.15]",13.992912114847213
"[3.1, 5.6, 21.4, 46.85, 9.6, 25.87, 24.3, 41.15]",14.103501818851143
"[3.1, 8.2, 21.4, 46.85, 9.6, 25.87, 24.3, 41.15]",13.921767003495907
"[3.1, 8.4, 21.4, 46.85, 9.6, 25.87, 24.3, 41.15]",13.919274349037394
"[3.1, 8.5, 21.4, 46.85, 9.6, 25.87, 24.3, 41.15]",13.918453391316074
"[3.1, 8.55, 21.4, 46.85, 9.6, 25.87, 24.3, 41.15]",13.91814529915705
"[3.1, 8.55, 9.4, 46.85, 9.6, 25.87, 24.3, 41.15]",14.660071702136023
"[3.1, 8.55, 8.6, 46.85, 9.6, 25.87, 24.3, 41.15]",14.815014147548748
"[3.1, 8.55, 10.6, 46.85, 9.6, 25.87, 24.3, 41.15]",14.472426014050047
"[3.1, 8.55, 11.6, 46.85, 9.6, 25.87, 24.3, 41.15]",14.348313184566775
"[3.1, 8.55, 12.6, 46.85, 9.6, 25.87, 24.3, 41.15]",14.247361555091752
"[3.1, 8.55, 13.6, 46.85, 9.6, 25.87, 24.3, 41.15]",14.16534467191069
"[3.1, 8.55, 14.6, 46.85, 9.6, 25.87, 24.3, 41.15]",14.099045280813256
"[3.1, 8.55, 15.6, 46.85, 9.6, 25.87, 24.3, 41.15]",14.045966340352626
"[3.1, 8.55, 16.6, 46.85, 9.6, 25.87, 24.3, 41.15]",14.004138214557084
"[3.1, 8.55, 17.6, 46.85, 9.6, 25.87, 24.3, 41.15]",13.97198445417281
"[3.1, 8.55, 18.6, 46.85, 9.6, 25.87, 24.3, 41.15]",13.948227845086423
"[3.1, 8.55, 19.6, 46.85, 9.6, 25.87, 24.3, 41.15]",13.931821976679235
"[3.1, 8.55, 20.6, 46.85, 9.6, 25.87, 24.3, 41.15]",13.921901431870355
"[3.1, 8.55, 21.6, 46.85, 9.6, 25.87, 24.3, 41.15]",13.917744388421612
"[3.1, 8.55, 22.6, 46.85, 9.6, 25.87, 24.3, 41.15]",13.918744316294536
"[3.1, 8.55, 23.6, 46.85, 9.6, 25.87, 24.3, 41.15]",13.92438825204506
"[3.1, 8.55, 24.6, 46.85, 9.6, 25.87, 24.3, 41.15]",13.934239926858302
"[3.1, 8.55, 25.6, 46.85, 9.6, 25.87, 24.3, 41.15]",13.947926527026757
"[3.1, 8.55, 26.6, 46.85, 9.6, 25.87, 24.3, 41.15]",13.965128208409926
"[3.1, 8.55, 29.6, 46.85, 9.6, 25.87, 24.3, 41.15]",14.035255159276286
"[3.1, 8.55, 30.6, 46.85, 9.6, 25.87, 24.3, 41.15]",7.3617682188079e+29
"[3.1, 8.55, 31.6, 46.85, 9.6, 25.87, 24.3, 41.15]",6.511571298489768e+29
"[3.1, 8.55, 24.5, 46.85, 9.6, 25.87, 24.3, 41.15]",13.933076482227214
"[3.1, 8.55, 22, 46.85, 9.6, 25.87, 24.3, 41.15]",13.917556144015421
"[3.1, 8.55, 21.9, 46.85, 9.6, 25.87, 24.3, 41.15]",13.917527867129571
"[3.1, 8.55, 21.8, 46.85, 9.6, 25.87, 24.3, 41.15]",13.917549459143075
"[3.1, 8.55, 21.5, 46.85, 9.6, 25.87, 24.3, 41.15]",13.91791881742126
"[3.1, 8.55, 21.7, 46.85, 9.6, 25.87, 24.3, 41.15]",13.91762145246669
"[3.1, 8.55, 21.85, 46.85, 9.6, 25.87, 24.3, 41.15]",13.917532396454977
"[3.1, 8.55, 21.825, 46.85, 9.6, 25.87, 24.3, 41.15]",13.917539356965067
"[3.1, 8.55, 21.835, 46.85, 9.6, 25.87, 24.3, 41.15]",13.917536196228495
"[3.1, 8.55, 21.85, 22.85, 9.6, 25.87, 24.3, 41.15]",7.596720796247542e+29
"[3.1, 8.55, 21.85, 23.85, 9.6, 25.87, 24.3, 41.15]",8.953304756017944e+28
"[3.1, 8.55, 21.85, 24.85, 9.6, 25.87, 24.3, 41.15]",7.898497702073323e+29
"[3.1, 8.55, 21.85, 26.85, 9.6, 25.87, 24.3, 41.15]",9.810655231426432e+29
"[3.1, 8.55, 21.85, 28.85, 9.6, 25.87, 24.3, 41.15]",7.481537601983237e+29
"[3.1, 8.55, 21.85, 30.85, 9.6, 25.87, 24.3, 41.15]",32.28035114644795
"[3.1, 8.55, 21.85, 32.85, 9.6, 25.87, 24.3, 41.15]",24.73563410417488
"[3.1, 8.55, 21.85, 34.85, 9.6, 25.87, 24.3, 41.15]",20.88345320445174
"[3.1, 8.55, 21.85, 36.85, 9.6, 25.87, 24.3, 41.15]",18.50930498768315
"[3.1, 8.55, 21.85, 38.85, 9.6, 25.87, 24.3, 41.15]",16.959677377220444
"[3.1, 8.55, 21.85, 40.85, 9.6, 25.87, 24.3, 41.15]",15.853226683484497
"[3.1, 8.55, 21.85, 42.85, 9.6, 25.87, 24.3, 41.15]",15.032865246885239
"[3.1, 8.55, 21.85, 44.85, 9.6, 25.87, 24.3, 41.15]",14.4046352525354
"[3.1, 8.55, 21.85, 46.85, 9.6, 25.87, 24.3, 41.15]",13.917612800557954
"[3.1, 8.55, 21.85, 47.85, 9.6, 25.87, 24.3, 41.15]",3.84637821752682e+29
"[3.1, 8.55, 21.85, 49.85, 9.6, 25.87, 24.3, 41.15]",5.5898551594565316e+29
"[3.1, 8.55, 21.85, 51.85, 9.6, 25.87, 24.3, 41.15]",1.530747186993301e+29
"[3.1, 8.55, 21.85, 53.85, 9.6, 25.87, 24.3, 41.15]",1.7130996779352482e+28
"[3.1, 8.55, 21.85, 55.85, 9.6, 25.87, 24.3, 41.15]",6.979137131946723e+29
"[3.1, 8.55, 21.85, 57.85, 9.6, 25.87, 24.3, 41.15]",9.85652225420152e+29
"[3.1, 8.55, 21.85, 59.85, 9.6, 25.87, 24.3, 41.15]",8.190043671566339e+29
"[3.1, 8.55, 21.85, 61.85, 9.6, 25.87, 24.3, 41.15]",4.522909198785187e+29
"[3.1, 8.55, 21.85, 63.85, 9.6, 25.87, 24.3, 41.15]",6.213584793750121e+29
"[3.1, 8.55, 21.85, 65.85, 9.6, 25.87, 24.3, 41.15]",8.046071263049593e+28
"[3.1, 8.55, 21.85, 67.85, 9.6, 25.87, 24.3, 41.15]",3.384289628720329e+29
"[3.1, 8.55, 21.85, 69.85, 9.6, 25.87, 24.3, 41.15]",9.175795085156601e+29
"[3.1, 8.55, 21.85, 87.85, 9.6, 25.87, 24.3, 41.15]",5.004648018771807e+29
"[3.1, 8.55, 21.85, 45.85, 9.6, 25.87, 24.3, 41.15]",14.151747173169502
"[3.1, 8.55, 21.85, 46.8, 9.6, 25.87, 24.3, 41.15]",13.928208182123091
"[3.1, 8.55, 21.85, 46.825, 9.6, 25.87, 24.3, 41.15]",13.922495196947477
"[3.1, 8.55, 21.85, 46.84, 9.6, 25.87, 24.3, 41.15]",13.923988609951293
"[3.1, 8.55, 21.85, 46.86, 9.6, 25.87, 24.3, 41.15]",13.914849557394076
"[3.1, 8.55, 21.85, 46.87, 9.6, 25.87, 24.3, 41.15]",13.915843743019725
"[3.1, 8.55, 21.85, 46.865, 9.6, 25.87, 24.3, 41.15]",13.91534667431926
"[3.1, 8.55, 21.85, 46.863, 9.6, 25.87, 24.3, 41.15]",13.91514783333674
"[3.1, 8.55, 21.85, 46.862, 9.6, 25.87, 24.3, 41.15]",13.915048409951785
"[3.1, 8.55, 21.85, 46.861, 9.6, 25.87, 24.3, 41.15]",13.91494898463758
"[3.1, 8.55, 21.85, 46.8609, 9.6, 25.87, 24.3, 41.15]",13.914939042000045
"[3.1, 8.55, 21.85, 46.8605, 9.6, 25.87, 24.3, 41.15]",13.914899271257017
"[3.1, 8.55, 21.85, 46.8601, 9.6, 25.87, 24.3, 41.15]",13.914859500205253
"[3.1, 8.55, 21.85, 46.86, 0.9, 25.87, 24.3, 41.15]",3.3782316671878265e+29
"[3.1, 8.55, 21.85, 46.86, 1.9, 25.87, 24.3, 41.15]",3.1367303474162654e+29
"[3.1, 8.55, 21.85, 46.86, 2.9, 25.87, 24.3, 41.15]",2.6289269632961744e+29
"[3.1, 8.55, 21.85, 46.86, 3.9, 25.87, 24.3, 41.15]",3.657551600800775e+29
"[3.1, 8.55, 21.85, 46.86, 4.9, 25.87, 24.3, 41.15]",5.3181920888398594e+29
"[3.1, 8.55, 21.85, 46.86, 5.9, 25.87, 24.3, 41.15]",1.4975838788064721e+29
"[3.1, 8.55, 21.85, 46.86, 6.9, 25.87, 24.3, 41.15]",4.5762229975432865e+29
"[3.1, 8.55, 21.85, 46.86, 7.9, 25.87, 24.3, 41.15]",7.865093108946242e+28
"[3.1, 8.55, 21.85, 46.86, 8.9, 25.87, 24.3, 41.15]",5.4200068025901916e+29
"[3.1, 8.55, 21.85, 46.86, 9.9, 25.87, 24.3, 41.15]",14.065835849393446
"[3.1, 8.55, 21.85, 46.86, 10.9, 25.87, 24.3, 41.15]",14.554196761177417
"[3.1, 8.55, 21.85, 46.86, 11.9, 25.87, 24.3, 41.15]",15.05703840659973
"[3.1, 8.55, 21.85, 46.86, 12.9, 25.87, 24.3, 41.15]",15.585450716623788
"[3.1, 8.55, 21.85, 46.86, 13.9, 25.87, 24.3, 41.15]",16.1196290123946
"[3.1, 8.55, 21.85, 46.86, 14.9, 25.87, 24.3, 41.15]",16.68403755060832
"[3.1, 8.55, 21.85, 46.86, 15.9, 25.87, 24.3, 41.15]",17.256201725484335
"[3.1, 8.55, 21.85, 46.86, 9.7, 25.87, 24.3, 41.15]",13.9582600092796
"[3.1, 8.55, 21.85, 46.86, 9.8, 25.87, 24.3, 41.15]",14.01394530875407
"[3.1, 8.55, 21.85, 46.86, 9.5, 25.87, 24.3, 41.15]",1.738617646912415e+29
"[3.1, 8.55, 21.85, 46.86, 9.62, 25.87, 24.3, 41.15]",13.925041988052872
"[3.1, 8.55, 21.85, 46.86, 9.63, 25.87, 24.3, 41.15]",13.925350587780354
"[3.1, 8.55, 21.85, 46.86, 9.602, 25.87, 24.3, 41.15]",13.915804462242267
"[3.1, 8.55, 21.85, 46.86, 9.58, 25.87, 24.3, 41.15]",5.7615702239814596e+29
"[3.1, 8.55, 21.85, 46.86, 9.6, 2.587, 24.3, 41.15]",8.345184670321677e+29
"[3.1, 8.55, 21.85, 46.86, 9.6, 4.587, 24.3, 41.15]",4.303905774660669e+29
"[3.1, 8.55, 21.85, 46.86, 9.6, 6.587, 24.3, 41.15]",2.5372067143486587e+29
"[3.1, 8.55, 21.85, 46.86, 9.6, 8.587, 24.3, 41.15]",7.081615180680396e+29
"[3.1, 8.55, 21.85, 46.86, 9.6, 10.587, 24.3, 41.15]",4.5708166023579454e+29
"[3.1, 8.55, 21.85, 46.86, 9.6, 14.587, 24.3, 41.15]",5.136400537187913e+28
"[3.1, 8.55, 21.85, 46.86, 9.6, 16.587, 24.3, 41.15]",9.455397000676994e+29
"[3.1, 8.55, 21.85, 46.86, 9.6, 18.587, 24.3, 41.15]",8.71140946646819e+29
"[3.1, 8.55, 21.85, 46.86, 9.6, 20.587, 24.3, 41.15]",7.384835929664761e+29
"[3.1, 8.55, 21.85, 46.86, 9.6, 22.587, 24.3, 41.15]",3.65014660086614e+29
"[3.1, 8.55, 21.85, 46.86, 9.6, 24.587, 24.3, 41.15]",6.293069193079019e+29
"[3.1, 8.55, 21.85, 46.86, 9.6, 26.587, 24.3, 41.15]",14.183404741978048
"[3.1, 8.55, 21.85, 46.86, 9.6, 28.587, 24.3, 41.15]",14.963581458840542
"[3.1, 8.55, 21.85, 46.86, 9.6, 30.587, 24.3, 41.15]",15.792172476564563
"[3.1, 8.55, 21.85, 46.86, 9.6, 32.587, 24.3, 41.15]",16.673650780511863
"[3.1, 8.55, 21.85, 46.86, 9.6, 34.587, 24.3, 41.15]",17.612932254491902
"[3.1, 8.55, 21.85, 46.86, 9.6, 36.587, 24.3, 41.15]",3.1234682969143058e+29
"[3.1, 8.55, 21.85, 46.86, 9.6, 38.587, 24.3, 41.15]",6.227959723534051e+29
"[3.1, 8.55, 21.85, 46.86, 9.6, 40.587, 24.3, 41.15]",4.968757937562354e+29
"[3.1, 8.55, 21.85, 46.86, 9.6, 26, 24.3, 41.15]",13.965099593926256
"[3.1, 8.55, 21.85, 46.86, 9.6, 25.9, 24.3, 41.15]",13.92600073669263
"[3.1, 8.55, 21.85, 46.86, 9.6, 25.8, 24.3, 41.15]",2.9948312979062785e+29
"[3.1, 8.55, 21.85, 46.86, 9.6, 25.85, 24.3, 41.15]",9.542525948486888e+29
"[3.1, 8.55, 21.85, 46.86, 9.6, 25.88, 24.3, 41.15]",13.918988326554471
"[3.1, 8.55, 21.85, 46.86, 9.6, 25.875, 24.3, 41.15]",13.918889538271698
"[3.1, 8.55, 21.85, 46.86, 9.6, 25.873, 24.3, 41.15]",13.918850019468517
"[3.1, 8.55, 21.85, 46.86, 9.6, 25.872, 24.3, 41.15]",13.918830259318948
"[3.1, 8.55, 21.85, 46.86, 9.6, 25.871, 24.3, 41.15]",13.918810498670611
"[3.1, 8.55, 21.85, 46.86, 9.6, 25.869, 24.3, 41.15]",13.918770975877937
"[3.1, 8.55, 21.85, 46.86, 9.6, 25.866, 24.3, 41.15]",13.918711687948232
"[3.1, 8.55, 21.85, 46.86, 9.6, 25.85, 24.3, 41.15]",7.00311960075551e+29
"[3.1, 8.55, 21.85, 46.86, 9.6, 25.865, 24.3, 41.15]",13.913770008031662
"[3.1, 8.55, 21.85, 46.86, 9.6, 25.862, 24.3, 41.15]",13.913710735083741
"[3.1, 8.55, 21.85, 46.86, 9.6, 25.861, 24.3, 41.15]",13.913690976437108
"[3.1, 8.55, 21.85, 46.86, 9.6, 25.86, 24.3, 41.15]",13.91367121729161
"[3.1, 8.55, 21.85, 46.86, 9.6, 25.8605, 24.3, 41.15]",13.913681096926616
"[3.1, 8.55, 21.85, 46.86, 9.6, 25.859, 24.3, 41.15]",13.913651457647461
"[3.1, 8.55, 21.85, 46.86, 9.6, 25.858, 24.3, 41.15]",13.913631697504494
"[3.1, 8.55, 21.85, 46.86, 9.6, 25.856, 24.3, 41.15]",13.91359217572232
"[3.1, 8.55, 21.85, 46.86, 9.6, 25.854, 24.3, 41.15]",13.91355265194478
"[3.1, 8.55, 21.85, 46.86, 9.6, 25.853, 24.3, 41.15]",13.913532889307866
"[3.1, 8.55, 21.85, 46.86, 9.6, 25.853, 2.7, 41.15]",3.363678821822522e+29
"[3.1, 8.55, 21.85, 46.86, 9.6, 25.853, 3.7, 41.15]",4.804173420587186e+29
"[3.1, 8.55, 21.85, 46.86, 9.6, 25.853, 4.7, 41.15]",7.685995283930723e+29
"[3.1, 8.55, 21.85, 46.86, 9.6, 25.853, 5.7, 41.15]",7.069470944636654e+29
"[3.1, 8.55, 21.85, 46.86, 9.6, 25.853, 6.7, 41.15]",2.8577727052952696e+28
"[3.1, 8.55, 21.85, 46.86, 9.6, 25.853, 7.7, 41.15]",5.9898365651763776e+29
"[3.1, 8.55, 21.85, 46.86, 9.6, 25.853, 8.7, 41.15]",6.744241036465161e+29
"[3.1, 8.55, 21.85, 46.86, 9.6, 25.853, 9.7, 41.15]",7.469152296382338e+29
"[3.1, 8.55, 21.85, 46.86, 9.6, 25.853, 10.7, 41.15]",2.5345236493963943e+29
"[3.1, 8.55, 21.85, 46.86, 9.6, 25.853, 11.7, 41.15]",2.6256634620901144e+29
"[3.1, 8.55, 21.85, 46.86, 9.6, 25.853, 12.7, 41.15]",1.8099035178075352e+29
"[3.1, 8.55, 21.85, 46.86, 9.6, 25.853, 13.7, 41.15]",8.62919898769129e+28
"[3.1, 8.55, 21.85, 46.86, 9.6, 25.853, 14.7, 41.15]",4.580315307933168e+29
"[3.1, 8.55, 21.85, 46.86, 9.6, 25.853, 15.7, 41.15]",1.803307891950525e+29
"[3.1, 8.55, 21.85, 46.86, 9.6, 25.853, 16.7, 41.15]",8.954823761067097e+29
"[3.1, 8.55, 21.85, 46.86, 9.6, 25.853, 17.7, 41.15]",8.325547981680237e+29
"[3.1, 8.55, 21.85, 46.86, 9.6, 25.853, 18.7, 41.15]",3.610351520672154e+29
"[3.1, 8.55, 21.85, 46.86, 9.6, 25.853, 19.7, 41.15]",8.269851825774889e+28
"[3.1, 8.55, 21.85, 46.86, 9.6, 25.853, 21.7, 41.15]",2.3957424403684192e+29
"[3.1, 8.55, 21.85, 46.86, 9.6, 25.853, 23.7, 41.15]",7.309767486283292e+28
"[3.1, 8.55, 21.85, 46.86, 9.6, 25.853, 25.7, 41.15]",13.94842630662375
"[3.1, 8.55, 21.85, 46.86, 9.6, 25.853, 26.7, 41.15]",13.976069052335227
"[3.1, 8.55, 21.85, 46.86, 9.6, 25.853, 27.7, 41.15]",14.003310539737374
"[3.1, 8.55, 21.85, 46.86, 9.6, 25.853, 28.7, 41.15]",14.030161979019223
"[3.1, 8.55, 21.85, 46.86, 9.6, 25.853, 29.7, 41.15]",14.056634564465412
"[3.1, 8.55, 21.85, 46.86, 9.6, 25.853, 30.7, 41.15]",14.082739304524672
"[3.1, 8.55, 21.85, 46.86, 9.6, 25.853, 31.7, 41.15]",14.108486823372349
"[3.1, 8.55, 21.85, 46.86, 9.6, 25.853, 32.7, 41.15]",4.290683334079037e+28
"[3.1, 8.55, 21.85, 46.86, 9.6, 25.853, 25.6, 41.15]",13.945258452686216
"[3.1, 8.55, 21.85, 46.86, 9.6, 25.853, 25.5, 41.15]",13.945324502707269
"[3.1, 8.55, 21.85, 46.86, 9.6, 25.853, 25.4, 41.15]",13.945390683380202
"[3.1, 8.55, 21.85, 46.86, 9.6, 25.853, 25.55, 41.15]",13.945291461389552
"[3.1, 8.55, 21.85, 46.86, 9.6, 25.853, 25.52, 41.15]",13.945311282263322
"[3.1, 8.55, 21.85, 46.86, 9.6, 25.853, 25.57, 41.15]",13.945278253997209
"[3.1, 8.55, 21.85, 46.86, 9.6, 25.853, 24.57, 41.15]",13.916218860983317
"[3.1, 8.55, 21.85, 46.86, 9.6, 25.853, 24.37, 41.15]",13.916353537061356
"[3.1, 8.55, 21.85, 46.86, 9.6, 25.853, 24.67, 41.15]",13.916151724194265
"[3.1, 8.55, 21.85, 46.86, 9.6, 25.853, 24.77, 41.15]",13.916084721037777
"[3.1, 8.55, 21.85, 46.86, 9.6, 25.853, 24.87, 41.15]",13.925140673033448
"[3.1, 8.55, 21.85, 46.86, 9.6, 25.853, 24.77, 4.15]",5.012131322416025e+29
"[3.1, 8.55, 21.85, 46.86, 9.6, 25.853, 24.77, 6.15]",2.894496824473044e+29
"[3.1, 8.55, 21.85, 46.86, 9.6, 25.853, 24.77, 8.15]",7.06664465146196e+29
"[3.1, 8.55, 21.85, 46.86, 9.6, 25.853, 24.77, 10.15]",9.982297144850666e+29
"[3.1, 8.55, 21.85, 46.86, 9.6, 25.853, 24.77, 12.15]",6.905673368627761e+29
"[3.1, 8.55, 21.85, 46.86, 9.6, 25.853, 24.77, 14.15]",1.4960145138560831e+29
"[3.1, 8.55, 21.85, 46.86, 9.6, 25.853, 24.77, 16.15]",2.2079457034632144e+29
"[3.1, 8.55, 21.85, 46.86, 9.6, 25.853, 24.77, 18.15]",6.2309325451103536e+29
"[3.1, 8.55, 21.85, 46.86, 9.6, 25.853, 24.77, 20.15]",2.5809802368536805e+29
"[3.1, 8.55, 21.85, 46.86, 9.6, 25.853, 24.77, 22.15]",8.870227552641972e+29
"[3.1, 8.55, 21.85, 46.86, 9.6, 25.853, 24.77, 24.15]",8.032302283128386e+29
"[3.1, 8.55, 21.85, 46.86, 9.6, 25.853, 24.77, 26.15]",6.294808271680322e+29
"[3.1, 8.55, 21.85, 46.86, 9.6, 25.853, 24.77, 28.15]",9.700799366424144e+29
"[3.1, 8.55, 21.85, 46.86, 9.6, 25.853, 24.77, 30.15]",9.683874109688528e+29
"[3.1, 8.55, 21.85, 46.86, 9.6, 25.853, 24.77, 32.15]",5.320572352600783e+29
"[3.1, 8.55, 21.85, 46.86, 9.6, 25.853, 24.77, 34.15]",5.844924308428137e+29
"[3.1, 8.55, 21.85, 46.86, 9.6, 25.853, 24.77, 36.15]",3.936876525170804e+29
"[3.1, 8.55, 21.85, 46.86, 9.6, 25.853, 24.77, 38.15]",9.281189992221588e+29
"[3.1, 8.55, 21.85, 46.86, 9.6, 25.853, 24.77, 42.15]",9.560545690902553e+29
"[3.1, 8.55, 21.85, 46.86, 9.6, 25.853, 24.77, 41.15]",13.925490473647187
"[3.1, 8.55, 21.85, 46.86, 9.6, 25.853, 24.77, 43.15]",6.639455677271062e+29
"[3.1, 8.55, 21.85, 46.86, 9.6, 25.853, 24.77, 45.15]",7.359501229495263e+29
"[3.1, 8.55, 21.85, 46.86, 9.6, 25.853, 24.77, 46.15]",1.3741138863716419e+29
"[3.1, 8.55, 21.85, 46.86, 9.6, 25.853, 24.77, 48.15]",2.853197855101195e+29
"[3.1, 8.55, 21.85, 46.86, 9.6, 25.853, 24.77, 41.2]",13.901053469820766
"[3.1, 8.55, 21.85, 46.86, 9.6, 25.853, 24.77, 41.21]",13.900862454755956
"[3.1, 8.55, 21.85, 46.86, 9.6, 25.853, 24.77, 41.22]",13.900671467715432
"[3.1, 8.55, 21.85, 46.86, 9.6, 25.853, 24.77, 41.23]",13.900480508692118
"[3.1, 8.55, 21.85, 46.86, 9.6, 25.853, 24.77, 41.25]",2.7153889670823062e+29
"[3.1, 8.55, 21.85, 46.86, 9.6, 25.853, 24.77, 44.25]",9.462623935952894e+29
"[3.1, 8.55, 21.85, 46.86, 9.6, 25.853, 24.77, 45.25]",7.72966269716487e+29
"[2.1, 7.12, 21.4, 46.85, 8.59, 25.97, 25.41, 39.11]",15.693487668545348
"[4.1, 6.12, 21.4, 46.85, 8.59, 25.97, 25.41, 39.11]",1.0611682086545083e+29
"[1.1, 6.12, 21.4, 46.85, 8.59, 25.97, 25.41, 39.11]",19.49500783729115
"[0.1, 5.12, 21.4, 46.85, 8.59, 25.97, 25.41, 39.11]",36.40123384877069
"[5.1, 5.12, 21.4, 46.85, 8.59, 25.97, 25.41, 39.11]",3.8093555383243686e+29
"[5.1, 9.12, 21.4, 46.85, 8.59, 25.97, 25.41, 39.11]",8.224570363095417e+29
"[5.1, 11.12, 21.4, 46.85, 8.59, 25.97, 25.41, 39.11]",1.1895974409334565e+29
"[5.1, 14.12, 21.4, 46.85, 8.59, 25.97, 25.41, 39.11]",4.4258843673689866e+29
